<application>
  <component name="FileTypeManager" version="18">
    <extensionMap>
      <mapping pattern="kr-sharding-test" type="AUTO_DETECTED" />
      <mapping pattern=".env.*" type="Env File" />
      <mapping ext="env" type="Env File" />
      <mapping ext="space.kts" type="Kotlin" />
      <mapping ext="gradle.kts" type="Kotlin" />
      <mapping ext="main.kts" type="Kotlin" />
      <mapping pattern="gemfile.lock" type="PLAIN_TEXT" />
      <mapping ext="rdb" type="PLAIN_TEXT" />
      <mapping ext="drawio" type="PLAIN_TEXT" />
      <mapping ext="pem" type="PLAIN_TEXT" />
      <removed_mapping ext="apk" approved="true" type="ARCHIVE" />
      <removed_mapping ext="env" approved="true" type=".env file" />
      <removed_mapping ext="psd" approved="true" type="Image" />
      <removed_mapping pattern=".env.*" approved="true" type=".env file" />
    </extensionMap>
  </component>
</application>